/*==============================================================*/
/* DBMS name:      fmy-admin                                    */
/* Created on:     2016/11/3 20:03:56                           */
/*==============================================================*/
INSERT INTO `sys_app` (`id`, `name`, `sort`, `createTime`, `isEnable`, `code`, `create_user_id`, `last_change_timestamp`, `change_user_id`) VALUES (1, '综合权限管理系统', 1, '2016-9-26 00:00:00', '', 'smart_sso_server', 0, NULL, NULL);
INSERT INTO `sys_app` (`id`, `name`, `sort`, `createTime`, `isEnable`, `code`, `create_user_id`, `last_change_timestamp`, `change_user_id`) VALUES (83, 'FMY游戏后台管理系统', 3, '2016-9-26 00:00:00', '', 'fmy_game_admin', 0, NULL, NULL);

INSERT INTO `sys_user` (`id`, `account`, `password`, `lastLoginIp`, `lastLoginTime`, `loginCount`, `isEnable`, `job_no`, `org_id`, `user_name`, `gender`, `email`, `cell_phone`, `address`, `user_type`, `issys`, `create_timestamp`, `create_user_id`, `last_change_timestamp`, `change_user_id`) VALUES (0, 'admin', '26524bdf4ea266f131566a89e8f4972c', '192.168.0.20', '2016-11-3 16:58:00', 832, '', '01', 0, '系统管理员', 1, 'wenyuting@fengmianyu.com', '18057133720', NULL, 1, '', '2016-9-28 15:32:25', 22, '2016-11-3 16:33:17', 0);

INSERT INTO `sys_role` (`id`, `appId`, `name`, `sort`, `description`, `isEnable`, `create_timestamp`, `create_user_id`, `last_change_timestamp`, `change_user_id`, `issys`) VALUES (1, 1, 'admin', 1, '系统管理员', '', '2016-9-30 15:13:48', 2, '2016-9-30 15:13:48', 2, '');
INSERT INTO `sys_role` (`id`, `appId`, `name`, `sort`, `description`, `isEnable`, `create_timestamp`, `create_user_id`, `last_change_timestamp`, `change_user_id`, `issys`) VALUES (33, 83, 'game-admin', 1, '游戏后台管理员', '', '2016-11-2 10:31:16', 0, '2016-11-2 10:31:16', 0, '');
INSERT INTO `sys_role` (`id`, `appId`, `name`, `sort`, `description`, `isEnable`, `create_timestamp`, `create_user_id`, `last_change_timestamp`, `change_user_id`, `issys`) VALUES (34, 83, 'operation-common', 3, '运营部通用', '', '2016-11-3 16:44:40', 0, '2016-11-3 16:46:03', 0, '\0');
INSERT INTO `sys_role` (`id`, `appId`, `name`, `sort`, `description`, `isEnable`, `create_timestamp`, `create_user_id`, `last_change_timestamp`, `change_user_id`, `issys`) VALUES (35, 83, 'senior-manage', 2, '高管层', '', '2016-11-3 16:47:22', 0, '2016-11-3 16:47:22', 0, '\0');
INSERT INTO `sys_role` (`id`, `appId`, `name`, `sort`, `description`, `isEnable`, `create_timestamp`, `create_user_id`, `last_change_timestamp`, `change_user_id`, `issys`) VALUES (36, 83, 'operation-manage', 4, '运营组长', '', '2016-11-3 16:49:54', 0, '2016-11-3 16:49:54', 0, '\0');

INSERT INTO `sys_permission` (`id`, `appId`, `parentId`, `name`, `url`, `sort`, `isMenu`, `isEnable`, `icon`, `code`, `rela_url`, `path_menu`, `remark`, `create_timestamp`, `create_user_id`, `last_change_timestamp`, `change_user_id`) VALUES (66, 1, -1, '应用管理', NULL, 1, '', '', NULL, '01', NULL, '', NULL, '2016-9-29 12:01:00', 2, '2016-9-30 16:06:17', 2);
INSERT INTO `sys_permission` (`id`, `appId`, `parentId`, `name`, `url`, `sort`, `isMenu`, `isEnable`, `icon`, `code`, `rela_url`, `path_menu`, `remark`, `create_timestamp`, `create_user_id`, `last_change_timestamp`, `change_user_id`) VALUES (67, 1, -1, '人员管理', NULL, 2, '', '', NULL, '02', NULL, '', NULL, '2016-9-29 12:01:28', 2, '2016-9-29 12:01:28', 2);
INSERT INTO `sys_permission` (`id`, `appId`, `parentId`, `name`, `url`, `sort`, `isMenu`, `isEnable`, `icon`, `code`, `rela_url`, `path_menu`, `remark`, `create_timestamp`, `create_user_id`, `last_change_timestamp`, `change_user_id`) VALUES (68, 1, -1, '角色管理', NULL, 3, '', '', NULL, '03', NULL, '', NULL, '2016-9-29 12:01:40', 2, '2016-9-29 12:01:40', 2);
INSERT INTO `sys_permission` (`id`, `appId`, `parentId`, `name`, `url`, `sort`, `isMenu`, `isEnable`, `icon`, `code`, `rela_url`, `path_menu`, `remark`, `create_timestamp`, `create_user_id`, `last_change_timestamp`, `change_user_id`) VALUES (69, 1, -1, '权限管理', NULL, 4, '', '', NULL, '04', NULL, '', NULL, '2016-9-29 12:01:56', 2, '2016-9-29 12:01:56', 2);
INSERT INTO `sys_permission` (`id`, `appId`, `parentId`, `name`, `url`, `sort`, `isMenu`, `isEnable`, `icon`, `code`, `rela_url`, `path_menu`, `remark`, `create_timestamp`, `create_user_id`, `last_change_timestamp`, `change_user_id`) VALUES (70, 1, 66, '应用列表', '/admin/app/list', 1, '', '', NULL, '0101', '/admin/app/load', '\0', NULL, '2016-9-29 12:02:56', 2, '2016-9-30 09:46:20', 2);
INSERT INTO `sys_permission` (`id`, `appId`, `parentId`, `name`, `url`, `sort`, `isMenu`, `isEnable`, `icon`, `code`, `rela_url`, `path_menu`, `remark`, `create_timestamp`, `create_user_id`, `last_change_timestamp`, `change_user_id`) VALUES (71, 1, 70, '添加', '/admin/app/goto_add', 1, '\0', '', NULL, '010101', '/admin/app/save,/admin/app/check', '\0', NULL, '2016-9-30 09:31:03', 2, '2016-9-30 09:49:03', 2);
INSERT INTO `sys_permission` (`id`, `appId`, `parentId`, `name`, `url`, `sort`, `isMenu`, `isEnable`, `icon`, `code`, `rela_url`, `path_menu`, `remark`, `create_timestamp`, `create_user_id`, `last_change_timestamp`, `change_user_id`) VALUES (72, 1, 70, '编辑', '/admin/app/goto_edit', 2, '\0', '', NULL, '010102', '/admin/app/save,/admin/app/check', '\0', NULL, '2016-9-30 09:31:57', 2, '2016-9-30 09:49:09', 2);
INSERT INTO `sys_permission` (`id`, `appId`, `parentId`, `name`, `url`, `sort`, `isMenu`, `isEnable`, `icon`, `code`, `rela_url`, `path_menu`, `remark`, `create_timestamp`, `create_user_id`, `last_change_timestamp`, `change_user_id`) VALUES (73, 1, 69, '权限维护', '/admin/permission/manage', 1, '', '', NULL, '0401', '/admin/permission/nodes', '\0', NULL, '2016-9-30 09:41:13', 2, '2016-9-30 09:45:30', 2);
INSERT INTO `sys_permission` (`id`, `appId`, `parentId`, `name`, `url`, `sort`, `isMenu`, `isEnable`, `icon`, `code`, `rela_url`, `path_menu`, `remark`, `create_timestamp`, `create_user_id`, `last_change_timestamp`, `change_user_id`) VALUES (74, 1, 73, '保存', '/admin/permission/save', 1, '\0', '', NULL, '040101', '/admin/permission/check_name,/admin/permission/check_code', '\0', NULL, '2016-9-30 09:42:15', 2, '2016-9-30 09:42:15', 2);
INSERT INTO `sys_permission` (`id`, `appId`, `parentId`, `name`, `url`, `sort`, `isMenu`, `isEnable`, `icon`, `code`, `rela_url`, `path_menu`, `remark`, `create_timestamp`, `create_user_id`, `last_change_timestamp`, `change_user_id`) VALUES (75, 1, 73, '删除', '/admin/permission/delete', 2, '\0', '', NULL, '040102', NULL, '\0', NULL, '2016-9-30 09:42:40', 2, '2016-9-30 09:42:40', 2);
INSERT INTO `sys_permission` (`id`, `appId`, `parentId`, `name`, `url`, `sort`, `isMenu`, `isEnable`, `icon`, `code`, `rela_url`, `path_menu`, `remark`, `create_timestamp`, `create_user_id`, `last_change_timestamp`, `change_user_id`) VALUES (76, 1, 70, '删除', '/admin/app/delete', 3, '\0', '', NULL, '010103', NULL, '\0', NULL, '2016-9-30 09:50:05', 2, '2016-9-30 09:51:29', 2);
INSERT INTO `sys_permission` (`id`, `appId`, `parentId`, `name`, `url`, `sort`, `isMenu`, `isEnable`, `icon`, `code`, `rela_url`, `path_menu`, `remark`, `create_timestamp`, `create_user_id`, `last_change_timestamp`, `change_user_id`) VALUES (77, 1, 70, '启用/禁用', '/admin/app/enable', 4, '\0', '', NULL, '010104', NULL, '\0', NULL, '2016-9-30 09:51:20', 2, '2016-9-30 09:51:20', 2);
INSERT INTO `sys_permission` (`id`, `appId`, `parentId`, `name`, `url`, `sort`, `isMenu`, `isEnable`, `icon`, `code`, `rela_url`, `path_menu`, `remark`, `create_timestamp`, `create_user_id`, `last_change_timestamp`, `change_user_id`) VALUES (78, 1, 67, '人员列表', '/admin/user/list', 1, '', '', NULL, '0201', '/admin/user/load', '\0', NULL, '2016-9-30 09:52:16', 2, '2016-9-30 11:55:07', 2);
INSERT INTO `sys_permission` (`id`, `appId`, `parentId`, `name`, `url`, `sort`, `isMenu`, `isEnable`, `icon`, `code`, `rela_url`, `path_menu`, `remark`, `create_timestamp`, `create_user_id`, `last_change_timestamp`, `change_user_id`) VALUES (79, 1, 68, '角色列表', '/admin/role/list', 1, '', '', NULL, '0301', '/admin/role/findList', '\0', NULL, '2016-9-30 09:59:04', 2, '2016-9-30 11:54:17', 2);
INSERT INTO `sys_permission` (`id`, `appId`, `parentId`, `name`, `url`, `sort`, `isMenu`, `isEnable`, `icon`, `code`, `rela_url`, `path_menu`, `remark`, `create_timestamp`, `create_user_id`, `last_change_timestamp`, `change_user_id`) VALUES (80, 1, 79, '添加', '/admin/role/addRole', 1, '\0', '', NULL, '030101', '/admin/role/save', '\0', NULL, '2016-9-30 10:08:15', 2, '2016-9-30 10:08:15', 2);
INSERT INTO `sys_permission` (`id`, `appId`, `parentId`, `name`, `url`, `sort`, `isMenu`, `isEnable`, `icon`, `code`, `rela_url`, `path_menu`, `remark`, `create_timestamp`, `create_user_id`, `last_change_timestamp`, `change_user_id`) VALUES (81, 1, 79, '编辑', '/admin/role/editRole', 2, '\0', '', NULL, '030102', '/admin/role/save', '\0', NULL, '2016-9-30 10:09:07', 2, '2016-9-30 10:09:07', 2);
INSERT INTO `sys_permission` (`id`, `appId`, `parentId`, `name`, `url`, `sort`, `isMenu`, `isEnable`, `icon`, `code`, `rela_url`, `path_menu`, `remark`, `create_timestamp`, `create_user_id`, `last_change_timestamp`, `change_user_id`) VALUES (82, 1, 79, '删除', '/admin/role/delete', 3, '\0', '', NULL, '030103', NULL, '\0', NULL, '2016-9-30 10:10:10', 2, '2016-9-30 10:10:10', 2);
INSERT INTO `sys_permission` (`id`, `appId`, `parentId`, `name`, `url`, `sort`, `isMenu`, `isEnable`, `icon`, `code`, `rela_url`, `path_menu`, `remark`, `create_timestamp`, `create_user_id`, `last_change_timestamp`, `change_user_id`) VALUES (83, 1, 79, '启用/禁用', 'admin/role/enable', 4, '\0', '', NULL, '030104', NULL, '\0', NULL, '2016-9-30 10:11:15', 2, '2016-9-30 10:11:15', 2);
INSERT INTO `sys_permission` (`id`, `appId`, `parentId`, `name`, `url`, `sort`, `isMenu`, `isEnable`, `icon`, `code`, `rela_url`, `path_menu`, `remark`, `create_timestamp`, `create_user_id`, `last_change_timestamp`, `change_user_id`) VALUES (84, 1, 78, '添加', '/admin/user/goto_add', 1, '\0', '', NULL, '020101', '/admin/user/checkjobNo,/admin/user/save,/admin/user/checkAccount', '\0', NULL, '2016-9-30 11:56:59', 2, '2016-9-30 13:41:31', 2);
INSERT INTO `sys_permission` (`id`, `appId`, `parentId`, `name`, `url`, `sort`, `isMenu`, `isEnable`, `icon`, `code`, `rela_url`, `path_menu`, `remark`, `create_timestamp`, `create_user_id`, `last_change_timestamp`, `change_user_id`) VALUES (86, 1, 78, '编辑', '/admin/user/goto_edit', 2, '\0', '', NULL, '020102', '/admin/user/checkjobNo,/admin/user/save,/admin/user/checkAccount', '\0', NULL, '2016-9-30 13:37:22', 2, '2016-9-30 13:41:07', 2);
INSERT INTO `sys_permission` (`id`, `appId`, `parentId`, `name`, `url`, `sort`, `isMenu`, `isEnable`, `icon`, `code`, `rela_url`, `path_menu`, `remark`, `create_timestamp`, `create_user_id`, `last_change_timestamp`, `change_user_id`) VALUES (87, 1, 78, '删除', '/admin/user/delete', 3, '\0', '', NULL, '020103', NULL, '\0', NULL, '2016-9-30 13:38:42', 2, '2016-9-30 13:38:42', 2);
INSERT INTO `sys_permission` (`id`, `appId`, `parentId`, `name`, `url`, `sort`, `isMenu`, `isEnable`, `icon`, `code`, `rela_url`, `path_menu`, `remark`, `create_timestamp`, `create_user_id`, `last_change_timestamp`, `change_user_id`) VALUES (88, 1, 78, '启用/禁用', '/admin/user/enable', 4, '\0', '', NULL, '020104', NULL, '\0', NULL, '2016-9-30 13:39:42', 2, '2016-9-30 13:39:42', 2);
INSERT INTO `sys_permission` (`id`, `appId`, `parentId`, `name`, `url`, `sort`, `isMenu`, `isEnable`, `icon`, `code`, `rela_url`, `path_menu`, `remark`, `create_timestamp`, `create_user_id`, `last_change_timestamp`, `change_user_id`) VALUES (89, 1, 73, '同步', '/admin/app/sync/permissions', 3, '\0', '', NULL, '040103', NULL, '\0', NULL, '2016-9-30 13:55:13', 2, '2016-9-30 13:55:40', 2);
INSERT INTO `sys_permission` (`id`, `appId`, `parentId`, `name`, `url`, `sort`, `isMenu`, `isEnable`, `icon`, `code`, `rela_url`, `path_menu`, `remark`, `create_timestamp`, `create_user_id`, `last_change_timestamp`, `change_user_id`) VALUES (91, 1, 78, '查询', '/admin/user/list', 0, '\0', '', NULL, '020100', NULL, '\0', NULL, '2016-9-30 15:53:01', 2, '2016-10-8 09:02:08', 2);
INSERT INTO `sys_permission` (`id`, `appId`, `parentId`, `name`, `url`, `sort`, `isMenu`, `isEnable`, `icon`, `code`, `rela_url`, `path_menu`, `remark`, `create_timestamp`, `create_user_id`, `last_change_timestamp`, `change_user_id`) VALUES (92, 1, 79, '查询', '/admin/role/list', 0, '\0', '', NULL, '030100', '/admin/role/findList', '\0', NULL, '2016-9-30 16:02:52', 2, '2016-10-8 09:02:18', 2);
INSERT INTO `sys_permission` (`id`, `appId`, `parentId`, `name`, `url`, `sort`, `isMenu`, `isEnable`, `icon`, `code`, `rela_url`, `path_menu`, `remark`, `create_timestamp`, `create_user_id`, `last_change_timestamp`, `change_user_id`) VALUES (93, 1, 70, '查询', '/admin/app/list', 0, '\0', '', NULL, '010100', '/admin/app/load', '\0', NULL, '2016-9-30 16:03:42', 2, '2016-10-8 09:01:58', 2);
INSERT INTO `sys_permission` (`id`, `appId`, `parentId`, `name`, `url`, `sort`, `isMenu`, `isEnable`, `icon`, `code`, `rela_url`, `path_menu`, `remark`, `create_timestamp`, `create_user_id`, `last_change_timestamp`, `change_user_id`) VALUES (97, 83, -1, '公告动态', NULL, 3, '', '', NULL, '03', NULL, '', NULL, '2016-10-8 10:01:46', 2, '2016-10-8 10:03:58', 2);
INSERT INTO `sys_permission` (`id`, `appId`, `parentId`, `name`, `url`, `sort`, `isMenu`, `isEnable`, `icon`, `code`, `rela_url`, `path_menu`, `remark`, `create_timestamp`, `create_user_id`, `last_change_timestamp`, `change_user_id`) VALUES (98, 83, -1, '道具管理', NULL, 2, '', '', NULL, '02', NULL, '', NULL, '2016-10-8 10:03:09', 2, '2016-10-8 10:03:09', 2);
INSERT INTO `sys_permission` (`id`, `appId`, `parentId`, `name`, `url`, `sort`, `isMenu`, `isEnable`, `icon`, `code`, `rela_url`, `path_menu`, `remark`, `create_timestamp`, `create_user_id`, `last_change_timestamp`, `change_user_id`) VALUES (99, 83, -1, '漫画管理', NULL, 4, '', '', NULL, '04', NULL, '', NULL, '2016-10-8 10:03:37', 2, '2016-10-8 10:03:37', 2);
INSERT INTO `sys_permission` (`id`, `appId`, `parentId`, `name`, `url`, `sort`, `isMenu`, `isEnable`, `icon`, `code`, `rela_url`, `path_menu`, `remark`, `create_timestamp`, `create_user_id`, `last_change_timestamp`, `change_user_id`) VALUES (100, 83, -1, '原创广场', NULL, 5, '', '', NULL, '05', NULL, '', NULL, '2016-10-8 10:05:07', 2, '2016-10-8 10:05:07', 2);
INSERT INTO `sys_permission` (`id`, `appId`, `parentId`, `name`, `url`, `sort`, `isMenu`, `isEnable`, `icon`, `code`, `rela_url`, `path_menu`, `remark`, `create_timestamp`, `create_user_id`, `last_change_timestamp`, `change_user_id`) VALUES (101, 83, -1, '活动管理', NULL, 6, '', '', NULL, '06', '', '', NULL, '2016-10-8 10:05:26', 2, '2016-10-19 16:16:04', 2);
INSERT INTO `sys_permission` (`id`, `appId`, `parentId`, `name`, `url`, `sort`, `isMenu`, `isEnable`, `icon`, `code`, `rela_url`, `path_menu`, `remark`, `create_timestamp`, `create_user_id`, `last_change_timestamp`, `change_user_id`) VALUES (107, 83, 97, '公告管理', '/news/notice/list', 1, '', '', NULL, '0301', '/news/notice/load', '', NULL, '2016-10-8 12:53:39', 2, '2016-10-10 20:16:49', 2);
INSERT INTO `sys_permission` (`id`, `appId`, `parentId`, `name`, `url`, `sort`, `isMenu`, `isEnable`, `icon`, `code`, `rela_url`, `path_menu`, `remark`, `create_timestamp`, `create_user_id`, `last_change_timestamp`, `change_user_id`) VALUES (108, 83, 97, '动态管理', '/news/threePic/list', 2, '', '', NULL, '0302', '/news/threePic/load', '', NULL, '2016-10-8 12:53:55', 2, '2016-10-10 20:13:02', 2);
INSERT INTO `sys_permission` (`id`, `appId`, `parentId`, `name`, `url`, `sort`, `isMenu`, `isEnable`, `icon`, `code`, `rela_url`, `path_menu`, `remark`, `create_timestamp`, `create_user_id`, `last_change_timestamp`, `change_user_id`) VALUES (109, 83, 99, '漫画作品管理', '/mhyd/comic/list', 1, '', '', NULL, '0401', '/mhyd/comic/load', '', NULL, '2016-10-8 13:06:06', 2, '2016-10-13 11:50:40', 2);
INSERT INTO `sys_permission` (`id`, `appId`, `parentId`, `name`, `url`, `sort`, `isMenu`, `isEnable`, `icon`, `code`, `rela_url`, `path_menu`, `remark`, `create_timestamp`, `create_user_id`, `last_change_timestamp`, `change_user_id`) VALUES (110, 83, 99, '漫画章节管理', '/mhyd/comic-chapter/list', 2, '', '', NULL, '0402', '/mhyd/comic-chapter/load', '', NULL, '2016-10-8 13:06:23', 2, '2016-10-17 11:04:48', 2);
INSERT INTO `sys_permission` (`id`, `appId`, `parentId`, `name`, `url`, `sort`, `isMenu`, `isEnable`, `icon`, `code`, `rela_url`, `path_menu`, `remark`, `create_timestamp`, `create_user_id`, `last_change_timestamp`, `change_user_id`) VALUES (111, 83, 99, '作品类型管理', '/mhyd/comic-type/list', 3, '', '', NULL, '0403', '/mhyd/comic-type/load', '', NULL, '2016-10-8 13:06:43', 2, '2016-10-14 15:59:31', 2);
INSERT INTO `sys_permission` (`id`, `appId`, `parentId`, `name`, `url`, `sort`, `isMenu`, `isEnable`, `icon`, `code`, `rela_url`, `path_menu`, `remark`, `create_timestamp`, `create_user_id`, `last_change_timestamp`, `change_user_id`) VALUES (112, 83, 100, '作品列表', '/original-square/production/list', 1, '', '', NULL, '0501', '/original-square/production/load', '', NULL, '2016-10-8 13:07:47', 2, '2016-10-24 15:06:39', 2);
INSERT INTO `sys_permission` (`id`, `appId`, `parentId`, `name`, `url`, `sort`, `isMenu`, `isEnable`, `icon`, `code`, `rela_url`, `path_menu`, `remark`, `create_timestamp`, `create_user_id`, `last_change_timestamp`, `change_user_id`) VALUES (113, 83, 100, '评论管理', '/original-square/comment/list', 2, '', '', NULL, '0502', '/original-square/comment/load', '', NULL, '2016-10-8 13:08:00', 2, '2016-10-12 13:21:37', 2);
INSERT INTO `sys_permission` (`id`, `appId`, `parentId`, `name`, `url`, `sort`, `isMenu`, `isEnable`, `icon`, `code`, `rela_url`, `path_menu`, `remark`, `create_timestamp`, `create_user_id`, `last_change_timestamp`, `change_user_id`) VALUES (117, 83, 112, '图片详情', '/original-square/production/pictureInfo', 1, '\0', '', NULL, '050101', NULL, '\0', NULL, '2016-10-11 15:12:19', 2, '2016-10-11 15:12:19', 2);
INSERT INTO `sys_permission` (`id`, `appId`, `parentId`, `name`, `url`, `sort`, `isMenu`, `isEnable`, `icon`, `code`, `rela_url`, `path_menu`, `remark`, `create_timestamp`, `create_user_id`, `last_change_timestamp`, `change_user_id`) VALUES (119, 83, 100, '审核管理', '/original-square/production/checkList', 3, '', '', NULL, '0503', NULL, '', NULL, '2016-10-11 17:59:35', 2, '2016-10-11 17:59:35', 2);
INSERT INTO `sys_permission` (`id`, `appId`, `parentId`, `name`, `url`, `sort`, `isMenu`, `isEnable`, `icon`, `code`, `rela_url`, `path_menu`, `remark`, `create_timestamp`, `create_user_id`, `last_change_timestamp`, `change_user_id`) VALUES (120, 83, 119, '审核', '/original-square/production/check', 1, '\0', '', NULL, '050301', NULL, '\0', NULL, '2016-10-12 11:33:05', 2, '2016-10-12 11:33:05', 2);
INSERT INTO `sys_permission` (`id`, `appId`, `parentId`, `name`, `url`, `sort`, `isMenu`, `isEnable`, `icon`, `code`, `rela_url`, `path_menu`, `remark`, `create_timestamp`, `create_user_id`, `last_change_timestamp`, `change_user_id`) VALUES (121, 83, 113, '删除', '/original-square/comment/deletes', 1, '\0', '', NULL, '050201', NULL, '\0', NULL, '2016-10-12 14:32:54', 2, '2016-10-12 14:32:54', 2);
INSERT INTO `sys_permission` (`id`, `appId`, `parentId`, `name`, `url`, `sort`, `isMenu`, `isEnable`, `icon`, `code`, `rela_url`, `path_menu`, `remark`, `create_timestamp`, `create_user_id`, `last_change_timestamp`, `change_user_id`) VALUES (123, 83, 109, '添加/编辑', '/mhyd/comic/add', 1, '\0', '', NULL, '040101', '/mhyd/comic/upload,/mhyd/comic/isExist,/mhyd/comic/cancel', '\0', NULL, '2016-10-13 17:40:40', 2, '2016-10-17 13:58:42', 2);
INSERT INTO `sys_permission` (`id`, `appId`, `parentId`, `name`, `url`, `sort`, `isMenu`, `isEnable`, `icon`, `code`, `rela_url`, `path_menu`, `remark`, `create_timestamp`, `create_user_id`, `last_change_timestamp`, `change_user_id`) VALUES (126, 83, 111, '添加/编辑', '/mhyd/comic-type/add', 1, '\0', '', NULL, '040301', '/mhyd/comic-type/save', '\0', NULL, '2016-10-14 16:47:19', 2, '2016-10-17 13:59:01', 2);
INSERT INTO `sys_permission` (`id`, `appId`, `parentId`, `name`, `url`, `sort`, `isMenu`, `isEnable`, `icon`, `code`, `rela_url`, `path_menu`, `remark`, `create_timestamp`, `create_user_id`, `last_change_timestamp`, `change_user_id`) VALUES (129, 83, 111, '删除', '/mhyd/comic-type/delete', 2, '\0', '', NULL, '040302', NULL, '\0', NULL, '2016-10-15 05:14:18', 2, '2016-10-15 05:14:18', 2);
INSERT INTO `sys_permission` (`id`, `appId`, `parentId`, `name`, `url`, `sort`, `isMenu`, `isEnable`, `icon`, `code`, `rela_url`, `path_menu`, `remark`, `create_timestamp`, `create_user_id`, `last_change_timestamp`, `change_user_id`) VALUES (130, 83, 110, '添加/编辑', '/mhyd/comic-chapter/add', 1, '\0', '', NULL, '040201', '/mhyd/comic-chapter/save', '\0', NULL, '2016-10-17 13:58:25', 2, '2016-10-17 13:58:25', 2);
INSERT INTO `sys_permission` (`id`, `appId`, `parentId`, `name`, `url`, `sort`, `isMenu`, `isEnable`, `icon`, `code`, `rela_url`, `path_menu`, `remark`, `create_timestamp`, `create_user_id`, `last_change_timestamp`, `change_user_id`) VALUES (131, 83, 101, '活动列表', '/activity/manage/list', 1, '', '', NULL, '0601', '/activity/manage/load', '', NULL, '2016-10-19 16:04:59', 2, '2016-10-24 15:28:00', 2);
INSERT INTO `sys_permission` (`id`, `appId`, `parentId`, `name`, `url`, `sort`, `isMenu`, `isEnable`, `icon`, `code`, `rela_url`, `path_menu`, `remark`, `create_timestamp`, `create_user_id`, `last_change_timestamp`, `change_user_id`) VALUES (132, 83, 98, '道具发放补偿', '/prop/send/index', 1, '', '', NULL, '0201', NULL, '', NULL, '2016-10-21 16:14:08', 2, '2016-10-24 15:04:43', 2);
INSERT INTO `sys_permission` (`id`, `appId`, `parentId`, `name`, `url`, `sort`, `isMenu`, `isEnable`, `icon`, `code`, `rela_url`, `path_menu`, `remark`, `create_timestamp`, `create_user_id`, `last_change_timestamp`, `change_user_id`) VALUES (133, 83, 98, '道具发放查询', '/prop/send/logIndex', 2, '', '', NULL, '0202', '/prop/send/propSendLog', '', NULL, '2016-10-22 11:30:01', 2, '2016-10-22 11:30:01', 2);
INSERT INTO `sys_permission` (`id`, `appId`, `parentId`, `name`, `url`, `sort`, `isMenu`, `isEnable`, `icon`, `code`, `rela_url`, `path_menu`, `remark`, `create_timestamp`, `create_user_id`, `last_change_timestamp`, `change_user_id`) VALUES (134, 83, 107, '发布', '/news/notice/publish', 1, '\0', '', NULL, '030101', NULL, '\0', NULL, '2016-10-25 14:49:47', 2, '2016-10-26 09:15:23', 2);
INSERT INTO `sys_permission` (`id`, `appId`, `parentId`, `name`, `url`, `sort`, `isMenu`, `isEnable`, `icon`, `code`, `rela_url`, `path_menu`, `remark`, `create_timestamp`, `create_user_id`, `last_change_timestamp`, `change_user_id`) VALUES (135, 83, -1, '充值管理', NULL, 7, '', '', NULL, '07', NULL, '', NULL, '2016-10-27 14:21:55', 2, '2016-10-27 14:28:39', 2);
INSERT INTO `sys_permission` (`id`, `appId`, `parentId`, `name`, `url`, `sort`, `isMenu`, `isEnable`, `icon`, `code`, `rela_url`, `path_menu`, `remark`, `create_timestamp`, `create_user_id`, `last_change_timestamp`, `change_user_id`) VALUES (136, 83, 135, '获取卡密', '/recharge/manage/loadCardPwdPage', 1, '', '', NULL, '0701', '/recharge/manage/getCardPwd', '', NULL, '2016-10-27 14:23:31', 2, '2016-10-27 14:23:31', 2);
INSERT INTO `sys_permission` (`id`, `appId`, `parentId`, `name`, `url`, `sort`, `isMenu`, `isEnable`, `icon`, `code`, `rela_url`, `path_menu`, `remark`, `create_timestamp`, `create_user_id`, `last_change_timestamp`, `change_user_id`) VALUES (137, 83, 135, '充值记录', '/recharge/manage/getRechargeLog', 2, '', '', NULL, '0702', '/recharge/manage/load', '', NULL, '2016-10-28 11:30:30', 2, '2016-10-28 11:35:57', 2);

INSERT INTO `sys_re_user_app` (`id`, `userId`, `appId`) VALUES (127, 0, 1);
INSERT INTO `sys_re_user_app` (`id`, `userId`, `appId`) VALUES (136, 0, 83);

INSERT INTO `sys_re_user_role` (`id`, `userId`, `roleId`, `appId`) VALUES (150, 0, 1, 1);
INSERT INTO `sys_re_user_role` (`id`, `userId`, `roleId`, `appId`) VALUES (151, 0, 33, 83);

INSERT INTO `sys_re_role_permission` (`id`, `roleId`, `permissionId`, `appId`) VALUES (855, 1, 66, 1);
INSERT INTO `sys_re_role_permission` (`id`, `roleId`, `permissionId`, `appId`) VALUES (856, 1, 70, 1);
INSERT INTO `sys_re_role_permission` (`id`, `roleId`, `permissionId`, `appId`) VALUES (857, 1, 93, 1);
INSERT INTO `sys_re_role_permission` (`id`, `roleId`, `permissionId`, `appId`) VALUES (858, 1, 71, 1);
INSERT INTO `sys_re_role_permission` (`id`, `roleId`, `permissionId`, `appId`) VALUES (859, 1, 72, 1);
INSERT INTO `sys_re_role_permission` (`id`, `roleId`, `permissionId`, `appId`) VALUES (860, 1, 76, 1);
INSERT INTO `sys_re_role_permission` (`id`, `roleId`, `permissionId`, `appId`) VALUES (861, 1, 77, 1);
INSERT INTO `sys_re_role_permission` (`id`, `roleId`, `permissionId`, `appId`) VALUES (862, 1, 67, 1);
INSERT INTO `sys_re_role_permission` (`id`, `roleId`, `permissionId`, `appId`) VALUES (863, 1, 78, 1);
INSERT INTO `sys_re_role_permission` (`id`, `roleId`, `permissionId`, `appId`) VALUES (864, 1, 91, 1);
INSERT INTO `sys_re_role_permission` (`id`, `roleId`, `permissionId`, `appId`) VALUES (865, 1, 84, 1);
INSERT INTO `sys_re_role_permission` (`id`, `roleId`, `permissionId`, `appId`) VALUES (866, 1, 86, 1);
INSERT INTO `sys_re_role_permission` (`id`, `roleId`, `permissionId`, `appId`) VALUES (867, 1, 87, 1);
INSERT INTO `sys_re_role_permission` (`id`, `roleId`, `permissionId`, `appId`) VALUES (868, 1, 88, 1);
INSERT INTO `sys_re_role_permission` (`id`, `roleId`, `permissionId`, `appId`) VALUES (869, 1, 68, 1);
INSERT INTO `sys_re_role_permission` (`id`, `roleId`, `permissionId`, `appId`) VALUES (870, 1, 79, 1);
INSERT INTO `sys_re_role_permission` (`id`, `roleId`, `permissionId`, `appId`) VALUES (871, 1, 92, 1);
INSERT INTO `sys_re_role_permission` (`id`, `roleId`, `permissionId`, `appId`) VALUES (872, 1, 80, 1);
INSERT INTO `sys_re_role_permission` (`id`, `roleId`, `permissionId`, `appId`) VALUES (873, 1, 81, 1);
INSERT INTO `sys_re_role_permission` (`id`, `roleId`, `permissionId`, `appId`) VALUES (874, 1, 82, 1);
INSERT INTO `sys_re_role_permission` (`id`, `roleId`, `permissionId`, `appId`) VALUES (875, 1, 83, 1);
INSERT INTO `sys_re_role_permission` (`id`, `roleId`, `permissionId`, `appId`) VALUES (876, 1, 69, 1);
INSERT INTO `sys_re_role_permission` (`id`, `roleId`, `permissionId`, `appId`) VALUES (877, 1, 73, 1);
INSERT INTO `sys_re_role_permission` (`id`, `roleId`, `permissionId`, `appId`) VALUES (878, 1, 74, 1);
INSERT INTO `sys_re_role_permission` (`id`, `roleId`, `permissionId`, `appId`) VALUES (879, 1, 75, 1);
INSERT INTO `sys_re_role_permission` (`id`, `roleId`, `permissionId`, `appId`) VALUES (880, 1, 89, 1);
INSERT INTO `sys_re_role_permission` (`id`, `roleId`, `permissionId`, `appId`) VALUES (881, 33, 98, 83);
INSERT INTO `sys_re_role_permission` (`id`, `roleId`, `permissionId`, `appId`) VALUES (882, 33, 132, 83);
INSERT INTO `sys_re_role_permission` (`id`, `roleId`, `permissionId`, `appId`) VALUES (883, 33, 133, 83);
INSERT INTO `sys_re_role_permission` (`id`, `roleId`, `permissionId`, `appId`) VALUES (884, 33, 97, 83);
INSERT INTO `sys_re_role_permission` (`id`, `roleId`, `permissionId`, `appId`) VALUES (885, 33, 107, 83);
INSERT INTO `sys_re_role_permission` (`id`, `roleId`, `permissionId`, `appId`) VALUES (886, 33, 134, 83);
INSERT INTO `sys_re_role_permission` (`id`, `roleId`, `permissionId`, `appId`) VALUES (887, 33, 108, 83);
INSERT INTO `sys_re_role_permission` (`id`, `roleId`, `permissionId`, `appId`) VALUES (888, 33, 99, 83);
INSERT INTO `sys_re_role_permission` (`id`, `roleId`, `permissionId`, `appId`) VALUES (889, 33, 109, 83);
INSERT INTO `sys_re_role_permission` (`id`, `roleId`, `permissionId`, `appId`) VALUES (890, 33, 123, 83);
INSERT INTO `sys_re_role_permission` (`id`, `roleId`, `permissionId`, `appId`) VALUES (891, 33, 110, 83);
INSERT INTO `sys_re_role_permission` (`id`, `roleId`, `permissionId`, `appId`) VALUES (892, 33, 130, 83);
INSERT INTO `sys_re_role_permission` (`id`, `roleId`, `permissionId`, `appId`) VALUES (893, 33, 111, 83);
INSERT INTO `sys_re_role_permission` (`id`, `roleId`, `permissionId`, `appId`) VALUES (894, 33, 126, 83);
INSERT INTO `sys_re_role_permission` (`id`, `roleId`, `permissionId`, `appId`) VALUES (895, 33, 129, 83);
INSERT INTO `sys_re_role_permission` (`id`, `roleId`, `permissionId`, `appId`) VALUES (896, 33, 100, 83);
INSERT INTO `sys_re_role_permission` (`id`, `roleId`, `permissionId`, `appId`) VALUES (897, 33, 112, 83);
INSERT INTO `sys_re_role_permission` (`id`, `roleId`, `permissionId`, `appId`) VALUES (898, 33, 117, 83);
INSERT INTO `sys_re_role_permission` (`id`, `roleId`, `permissionId`, `appId`) VALUES (899, 33, 113, 83);
INSERT INTO `sys_re_role_permission` (`id`, `roleId`, `permissionId`, `appId`) VALUES (900, 33, 121, 83);
INSERT INTO `sys_re_role_permission` (`id`, `roleId`, `permissionId`, `appId`) VALUES (901, 33, 119, 83);
INSERT INTO `sys_re_role_permission` (`id`, `roleId`, `permissionId`, `appId`) VALUES (902, 33, 120, 83);
INSERT INTO `sys_re_role_permission` (`id`, `roleId`, `permissionId`, `appId`) VALUES (903, 33, 101, 83);
INSERT INTO `sys_re_role_permission` (`id`, `roleId`, `permissionId`, `appId`) VALUES (904, 33, 131, 83);
INSERT INTO `sys_re_role_permission` (`id`, `roleId`, `permissionId`, `appId`) VALUES (905, 33, 135, 83);
INSERT INTO `sys_re_role_permission` (`id`, `roleId`, `permissionId`, `appId`) VALUES (906, 33, 136, 83);
INSERT INTO `sys_re_role_permission` (`id`, `roleId`, `permissionId`, `appId`) VALUES (907, 33, 137, 83);
INSERT INTO `sys_re_role_permission` (`id`, `roleId`, `permissionId`, `appId`) VALUES (908, 34, 98, 83);
INSERT INTO `sys_re_role_permission` (`id`, `roleId`, `permissionId`, `appId`) VALUES (909, 34, 132, 83);
INSERT INTO `sys_re_role_permission` (`id`, `roleId`, `permissionId`, `appId`) VALUES (910, 34, 133, 83);
INSERT INTO `sys_re_role_permission` (`id`, `roleId`, `permissionId`, `appId`) VALUES (911, 34, 97, 83);
INSERT INTO `sys_re_role_permission` (`id`, `roleId`, `permissionId`, `appId`) VALUES (912, 34, 107, 83);
INSERT INTO `sys_re_role_permission` (`id`, `roleId`, `permissionId`, `appId`) VALUES (913, 34, 134, 83);
INSERT INTO `sys_re_role_permission` (`id`, `roleId`, `permissionId`, `appId`) VALUES (914, 34, 108, 83);
INSERT INTO `sys_re_role_permission` (`id`, `roleId`, `permissionId`, `appId`) VALUES (915, 34, 99, 83);
INSERT INTO `sys_re_role_permission` (`id`, `roleId`, `permissionId`, `appId`) VALUES (916, 34, 109, 83);
INSERT INTO `sys_re_role_permission` (`id`, `roleId`, `permissionId`, `appId`) VALUES (917, 34, 123, 83);
INSERT INTO `sys_re_role_permission` (`id`, `roleId`, `permissionId`, `appId`) VALUES (918, 34, 110, 83);
INSERT INTO `sys_re_role_permission` (`id`, `roleId`, `permissionId`, `appId`) VALUES (919, 34, 130, 83);
INSERT INTO `sys_re_role_permission` (`id`, `roleId`, `permissionId`, `appId`) VALUES (920, 34, 111, 83);
INSERT INTO `sys_re_role_permission` (`id`, `roleId`, `permissionId`, `appId`) VALUES (921, 34, 126, 83);
INSERT INTO `sys_re_role_permission` (`id`, `roleId`, `permissionId`, `appId`) VALUES (922, 34, 129, 83);
INSERT INTO `sys_re_role_permission` (`id`, `roleId`, `permissionId`, `appId`) VALUES (923, 34, 100, 83);
INSERT INTO `sys_re_role_permission` (`id`, `roleId`, `permissionId`, `appId`) VALUES (924, 34, 112, 83);
INSERT INTO `sys_re_role_permission` (`id`, `roleId`, `permissionId`, `appId`) VALUES (925, 34, 117, 83);
INSERT INTO `sys_re_role_permission` (`id`, `roleId`, `permissionId`, `appId`) VALUES (926, 34, 113, 83);
INSERT INTO `sys_re_role_permission` (`id`, `roleId`, `permissionId`, `appId`) VALUES (927, 34, 121, 83);
INSERT INTO `sys_re_role_permission` (`id`, `roleId`, `permissionId`, `appId`) VALUES (928, 34, 119, 83);
INSERT INTO `sys_re_role_permission` (`id`, `roleId`, `permissionId`, `appId`) VALUES (929, 34, 120, 83);
INSERT INTO `sys_re_role_permission` (`id`, `roleId`, `permissionId`, `appId`) VALUES (930, 34, 101, 83);
INSERT INTO `sys_re_role_permission` (`id`, `roleId`, `permissionId`, `appId`) VALUES (931, 34, 131, 83);
INSERT INTO `sys_re_role_permission` (`id`, `roleId`, `permissionId`, `appId`) VALUES (932, 34, 135, 83);
INSERT INTO `sys_re_role_permission` (`id`, `roleId`, `permissionId`, `appId`) VALUES (933, 34, 136, 83);
INSERT INTO `sys_re_role_permission` (`id`, `roleId`, `permissionId`, `appId`) VALUES (934, 34, 137, 83);
INSERT INTO `sys_re_role_permission` (`id`, `roleId`, `permissionId`, `appId`) VALUES (962, 36, 98, 83);
INSERT INTO `sys_re_role_permission` (`id`, `roleId`, `permissionId`, `appId`) VALUES (963, 36, 132, 83);
INSERT INTO `sys_re_role_permission` (`id`, `roleId`, `permissionId`, `appId`) VALUES (964, 36, 133, 83);
INSERT INTO `sys_re_role_permission` (`id`, `roleId`, `permissionId`, `appId`) VALUES (965, 36, 97, 83);
INSERT INTO `sys_re_role_permission` (`id`, `roleId`, `permissionId`, `appId`) VALUES (966, 36, 107, 83);
INSERT INTO `sys_re_role_permission` (`id`, `roleId`, `permissionId`, `appId`) VALUES (967, 36, 134, 83);
INSERT INTO `sys_re_role_permission` (`id`, `roleId`, `permissionId`, `appId`) VALUES (968, 36, 108, 83);
INSERT INTO `sys_re_role_permission` (`id`, `roleId`, `permissionId`, `appId`) VALUES (969, 36, 99, 83);
INSERT INTO `sys_re_role_permission` (`id`, `roleId`, `permissionId`, `appId`) VALUES (970, 36, 109, 83);
INSERT INTO `sys_re_role_permission` (`id`, `roleId`, `permissionId`, `appId`) VALUES (971, 36, 123, 83);
INSERT INTO `sys_re_role_permission` (`id`, `roleId`, `permissionId`, `appId`) VALUES (972, 36, 110, 83);
INSERT INTO `sys_re_role_permission` (`id`, `roleId`, `permissionId`, `appId`) VALUES (973, 36, 130, 83);
INSERT INTO `sys_re_role_permission` (`id`, `roleId`, `permissionId`, `appId`) VALUES (974, 36, 111, 83);
INSERT INTO `sys_re_role_permission` (`id`, `roleId`, `permissionId`, `appId`) VALUES (975, 36, 126, 83);
INSERT INTO `sys_re_role_permission` (`id`, `roleId`, `permissionId`, `appId`) VALUES (976, 36, 129, 83);
INSERT INTO `sys_re_role_permission` (`id`, `roleId`, `permissionId`, `appId`) VALUES (977, 36, 100, 83);
INSERT INTO `sys_re_role_permission` (`id`, `roleId`, `permissionId`, `appId`) VALUES (978, 36, 112, 83);
INSERT INTO `sys_re_role_permission` (`id`, `roleId`, `permissionId`, `appId`) VALUES (979, 36, 117, 83);
INSERT INTO `sys_re_role_permission` (`id`, `roleId`, `permissionId`, `appId`) VALUES (980, 36, 113, 83);
INSERT INTO `sys_re_role_permission` (`id`, `roleId`, `permissionId`, `appId`) VALUES (981, 36, 121, 83);
INSERT INTO `sys_re_role_permission` (`id`, `roleId`, `permissionId`, `appId`) VALUES (982, 36, 119, 83);
INSERT INTO `sys_re_role_permission` (`id`, `roleId`, `permissionId`, `appId`) VALUES (983, 36, 120, 83);
INSERT INTO `sys_re_role_permission` (`id`, `roleId`, `permissionId`, `appId`) VALUES (984, 36, 101, 83);
INSERT INTO `sys_re_role_permission` (`id`, `roleId`, `permissionId`, `appId`) VALUES (985, 36, 131, 83);
INSERT INTO `sys_re_role_permission` (`id`, `roleId`, `permissionId`, `appId`) VALUES (986, 36, 135, 83);
INSERT INTO `sys_re_role_permission` (`id`, `roleId`, `permissionId`, `appId`) VALUES (987, 36, 136, 83);
INSERT INTO `sys_re_role_permission` (`id`, `roleId`, `permissionId`, `appId`) VALUES (988, 36, 137, 83);
INSERT INTO `sys_re_role_permission` (`id`, `roleId`, `permissionId`, `appId`) VALUES (991, 35, 98, 83);
INSERT INTO `sys_re_role_permission` (`id`, `roleId`, `permissionId`, `appId`) VALUES (992, 35, 133, 83);
INSERT INTO `sys_re_role_permission` (`id`, `roleId`, `permissionId`, `appId`) VALUES (993, 35, 135, 83);
INSERT INTO `sys_re_role_permission` (`id`, `roleId`, `permissionId`, `appId`) VALUES (994, 35, 137, 83);
